{
	"id": "57445591-f640-5f02-58e5-f880db627b8a",
	"name": "UsuariosServices",
	"description": "Pruebas de los servicios de los usuarios.",
	"order": [
		"94fef275-09d0-26ad-16c4-00f736450eaf",
		"fa651f64-d1c7-9fae-12f9-71cc6d915aea",
		"1658932a-9d19-cf45-d5c4-8f6532103889",
		"0b5cddf5-c06e-9dfb-7692-a327d50277a9",
		"5fc18d7b-a227-e8a3-a054-7d91530e0ff4",
		"4fb6886b-c0e9-5c46-8701-284be134e6ba",
		"1aff4e5b-89fa-9dd2-4506-ff82ef7402a2",
		"09fb7f67-32ec-1212-61e1-d7ca0b53816c",
		"7d6328e0-ac57-3141-51de-43a8e034cf69",
		"e4fde30d-51b0-f331-9ee4-92d639acc182"
	],
	"folders": [],
	"folders_order": [],
	"timestamp": 1509200800505,
	"owner": 0,
	"public": false,
	"requests": [
		{
			"id": "09fb7f67-32ec-1212-61e1-d7ca0b53816c",
			"headers": "",
			"headerData": [],
			"url": "http://localhost:8080/RotonAndes/rest/usuarios/admin?usuario=12345678&clave=21435423&id=67194643",
			"queryParams": [
				{
					"key": "usuario",
					"value": "12345678",
					"equals": true,
					"description": "",
					"enabled": true
				},
				{
					"key": "clave",
					"value": "21435423",
					"equals": true,
					"description": "",
					"enabled": true
				},
				{
					"key": "id",
					"value": "67194643",
					"equals": true,
					"description": "",
					"enabled": true
				}
			],
			"pathVariables": {},
			"pathVariableData": [],
			"preRequestScript": null,
			"method": "GET",
			"collectionId": "57445591-f640-5f02-58e5-f880db627b8a",
			"data": null,
			"dataMode": "params",
			"name": "http://localhost:8080/RotonAndes/rest/usuarios/admin?usuario=12345678&clave=21435423&id=67194643",
			"description": "Obtener un administrador por su id",
			"descriptionFormat": "html",
			"time": 1509238728522,
			"version": 2,
			"responses": [],
			"tests": null,
			"currentHelper": "normal",
			"helperAttributes": {}
		},
		{
			"id": "0b5cddf5-c06e-9dfb-7692-a327d50277a9",
			"headers": "Content-Type: application/json\n",
			"headerData": [
				{
					"key": "Content-Type",
					"value": "application/json",
					"description": "",
					"enabled": true
				}
			],
			"url": "http://localhost:8080/RotonAndes/rest/usuarios?usuario=200817&clave=46832",
			"queryParams": [
				{
					"key": "usuario",
					"value": "200817",
					"equals": true,
					"description": "",
					"enabled": true
				},
				{
					"key": "clave",
					"value": "46832",
					"equals": true,
					"description": "",
					"enabled": true
				}
			],
			"pathVariables": {},
			"pathVariableData": [],
			"preRequestScript": null,
			"method": "PUT",
			"collectionId": "57445591-f640-5f02-58e5-f880db627b8a",
			"data": [],
			"dataMode": "raw",
			"name": "http://localhost:8080/RotonAndes/rest/usuarios?usuario=200817&clave=46832",
			"description": "ACTUALIZAR UN USUARIO",
			"descriptionFormat": "html",
			"time": 1509227358778,
			"version": 2,
			"responses": [],
			"tests": null,
			"currentHelper": "normal",
			"helperAttributes": {},
			"rawModeData": "{\"id\":200817,\"nombre\":\"RAUL\",\"edad\":47,\"tipo\":\"0\"}"
		},
		{
			"id": "1658932a-9d19-cf45-d5c4-8f6532103889",
			"headers": "",
			"headerData": [],
			"url": "http://localhost:8080/RotonAndes/rest/usuarios?usuario=12345678&clave=21435423",
			"queryParams": [
				{
					"key": "usuario",
					"value": "12345678",
					"equals": true,
					"description": "",
					"enabled": true
				},
				{
					"key": "clave",
					"value": "21435423",
					"equals": true,
					"description": "",
					"enabled": true
				}
			],
			"pathVariables": {},
			"pathVariableData": [],
			"preRequestScript": null,
			"method": "GET",
			"collectionId": "57445591-f640-5f02-58e5-f880db627b8a",
			"data": null,
			"dataMode": "params",
			"name": "http://localhost:8080/RotonAndes/rest/usuarios?usuario=12345678&clave=21435423",
			"description": "Obtener todos los usuarios",
			"descriptionFormat": "html",
			"time": 1509223412509,
			"version": 2,
			"responses": [],
			"tests": null,
			"currentHelper": "normal",
			"helperAttributes": {}
		},
		{
			"id": "1aff4e5b-89fa-9dd2-4506-ff82ef7402a2",
			"headers": "",
			"headerData": [],
			"url": "http://localhost:8080/RotonAndes/rest/usuarios/admin?usuario=12345678&clave=21435423",
			"queryParams": [
				{
					"key": "usuario",
					"value": "12345678",
					"equals": true,
					"description": "",
					"enabled": true
				},
				{
					"key": "clave",
					"value": "21435423",
					"equals": true,
					"description": "",
					"enabled": true
				}
			],
			"pathVariables": {},
			"pathVariableData": [],
			"preRequestScript": null,
			"method": "GET",
			"collectionId": "57445591-f640-5f02-58e5-f880db627b8a",
			"data": null,
			"dataMode": "params",
			"name": "http://localhost:8080/RotonAndes/rest/usuarios/admin?usuario=12345678&clave=21435423",
			"description": "Obtener todos los administradores",
			"descriptionFormat": "html",
			"time": 1509236604822,
			"version": 2,
			"responses": [],
			"tests": null,
			"currentHelper": "normal",
			"helperAttributes": {}
		},
		{
			"id": "4fb6886b-c0e9-5c46-8701-284be134e6ba",
			"headers": "",
			"headerData": [],
			"url": "http://localhost:8080/RotonAndes/rest/usuarios?id=901030&usuario=12345678&clave=21435423",
			"queryParams": [
				{
					"key": "id",
					"value": "901030",
					"equals": true,
					"description": "",
					"enabled": true
				},
				{
					"key": "usuario",
					"value": "12345678",
					"equals": true,
					"description": "",
					"enabled": true
				},
				{
					"key": "clave",
					"value": "21435423",
					"equals": true,
					"description": "",
					"enabled": true
				}
			],
			"pathVariables": {},
			"pathVariableData": [],
			"preRequestScript": null,
			"method": "DELETE",
			"collectionId": "57445591-f640-5f02-58e5-f880db627b8a",
			"data": null,
			"dataMode": "params",
			"name": "http://localhost:8080/RotonAndes/rest/usuarios?id=901030&usuario=12345678&clave=21435423",
			"description": "borrar un usuario.",
			"descriptionFormat": "html",
			"time": 1509233304877,
			"version": 2,
			"responses": [],
			"tests": null,
			"currentHelper": "normal",
			"helperAttributes": {}
		},
		{
			"id": "5fc18d7b-a227-e8a3-a054-7d91530e0ff4",
			"headers": "Content-Type: application/json\n",
			"headerData": [
				{
					"key": "Content-Type",
					"value": "application/json",
					"description": "",
					"enabled": true
				}
			],
			"url": "http://localhost:8080/RotonAndes/rest/usuarios?usuario=12345678&clave=21435423",
			"queryParams": [
				{
					"key": "usuario",
					"value": "12345678",
					"equals": true,
					"description": "",
					"enabled": true
				},
				{
					"key": "clave",
					"value": "21435423",
					"equals": true,
					"description": "",
					"enabled": true
				}
			],
			"pathVariables": {},
			"pathVariableData": [],
			"preRequestScript": null,
			"method": "PUT",
			"collectionId": "57445591-f640-5f02-58e5-f880db627b8a",
			"data": [],
			"dataMode": "raw",
			"name": "http://localhost:8080/RotonAndes/rest/usuarios?usuario=12345678&clave=21435423",
			"description": "ACTUALIZAR UN USUARIO POR ADMINISTRADOR",
			"descriptionFormat": "html",
			"time": 1509227466268,
			"version": 2,
			"responses": [],
			"tests": null,
			"currentHelper": "normal",
			"helperAttributes": {},
			"rawModeData": "{\"id\":200817,\"nombre\":\"YASURY\",\"edad\":22,\"tipo\":\"0\"}"
		},
		{
			"id": "7d6328e0-ac57-3141-51de-43a8e034cf69",
			"headers": "",
			"headerData": [],
			"url": "http://localhost:8080/RotonAndes/rest/usuarios/representantes?usuario=12345678&usuarioRep=0&claveUser=21435423&claveRep=0",
			"queryParams": [
				{
					"key": "usuario",
					"value": "12345678",
					"equals": true,
					"description": "",
					"enabled": true
				},
				{
					"key": "usuarioRep",
					"value": "0",
					"equals": true,
					"description": "",
					"enabled": true
				},
				{
					"key": "claveUser",
					"value": "21435423",
					"equals": true,
					"description": "",
					"enabled": true
				},
				{
					"key": "claveRep",
					"value": "0",
					"equals": true,
					"description": "",
					"enabled": true
				}
			],
			"pathVariables": {},
			"pathVariableData": [],
			"preRequestScript": null,
			"method": "GET",
			"collectionId": "57445591-f640-5f02-58e5-f880db627b8a",
			"data": null,
			"dataMode": "params",
			"name": "http://localhost:8080/RotonAndes/rest/usuarios/representantes?usuario=12345678&usuarioRep=0&claveUser=21435423&claveRep=0",
			"description": "Obtener todos los representantes",
			"descriptionFormat": "html",
			"time": 1509238942466,
			"version": 2,
			"responses": [],
			"tests": null,
			"currentHelper": "normal",
			"helperAttributes": {}
		},
		{
			"id": "94fef275-09d0-26ad-16c4-00f736450eaf",
			"headers": "Content-Type: application/json\n",
			"headerData": [
				{
					"key": "Content-Type",
					"value": "application/json",
					"description": "",
					"enabled": true
				}
			],
			"url": "http://localhost:8080/RotonAndes/rest/usuarios/12345678",
			"queryParams": [],
			"pathVariables": {},
			"pathVariableData": [],
			"preRequestScript": null,
			"method": "POST",
			"collectionId": "57445591-f640-5f02-58e5-f880db627b8a",
			"data": [],
			"dataMode": "raw",
			"name": "http://localhost:8080/RotonAndes/rest/usuarios/12345678",
			"description": "Agregar un usuario.",
			"descriptionFormat": "html",
			"time": 1509201355661,
			"version": 2,
			"responses": [],
			"tests": null,
			"currentHelper": "normal",
			"helperAttributes": {},
			"rawModeData": "{\"id\":901030,\"nombre\":\"ESTEBAN\",\"edad\":18,\"tipo\":\"1\"}"
		},
		{
			"id": "e4fde30d-51b0-f331-9ee4-92d639acc182",
			"headers": "",
			"headerData": [],
			"url": "http://localhost:8080/RotonAndes/rest/usuarios/representantes?usuario=0&usuarioRep=0&claveUser=0&claveRep=0&id=918273645&restaurante=ISLA MORADA&claveRestaurante=254542354",
			"queryParams": [
				{
					"key": "usuario",
					"value": "0",
					"equals": true,
					"description": "",
					"enabled": true
				},
				{
					"key": "usuarioRep",
					"value": "0",
					"equals": true,
					"description": "",
					"enabled": true
				},
				{
					"key": "claveUser",
					"value": "0",
					"equals": true,
					"description": "",
					"enabled": true
				},
				{
					"key": "claveRep",
					"value": "0",
					"equals": true,
					"description": "",
					"enabled": true
				},
				{
					"key": "id",
					"value": "918273645",
					"equals": true,
					"description": "",
					"enabled": true
				},
				{
					"key": "restaurante",
					"value": "ISLA MORADA",
					"equals": true,
					"description": "",
					"enabled": true
				},
				{
					"key": "claveRestaurante",
					"value": "254542354",
					"equals": true,
					"description": "",
					"enabled": true
				}
			],
			"pathVariables": {},
			"pathVariableData": [],
			"preRequestScript": null,
			"method": "GET",
			"collectionId": "57445591-f640-5f02-58e5-f880db627b8a",
			"data": null,
			"dataMode": "params",
			"name": "http://localhost:8080/RotonAndes/rest/usuarios/representantes?usuario=0&usuarioRep=0&claveUser=0&claveRep=0&id=918273645&restaurante=ISLA MORADA&claveRestaurante=254542354",
			"description": "OBTENER UN REPRESENTANTE POR SU ID",
			"descriptionFormat": "html",
			"time": 1509239374966,
			"version": 2,
			"responses": [],
			"tests": null,
			"currentHelper": "normal",
			"helperAttributes": {}
		},
		{
			"id": "fa651f64-d1c7-9fae-12f9-71cc6d915aea",
			"headers": "",
			"headerData": [],
			"url": "http://localhost:8080/RotonAndes/rest/usuarios/PK?clave=2346683",
			"queryParams": [
				{
					"key": "clave",
					"value": "2346683",
					"equals": true,
					"description": "",
					"enabled": true
				}
			],
			"pathVariables": {},
			"pathVariableData": [],
			"preRequestScript": null,
			"method": "GET",
			"collectionId": "57445591-f640-5f02-58e5-f880db627b8a",
			"data": null,
			"dataMode": "params",
			"name": "http://localhost:8080/RotonAndes/rest/usuarios/PK?clave=2346683",
			"description": "consultar la informacion de un usuario por su clave",
			"descriptionFormat": "html",
			"time": 1509223227519,
			"version": 2,
			"responses": [],
			"tests": null,
			"currentHelper": "normal",
			"helperAttributes": {}
		}
	]
}